,Source: https://www.nesnedergisi.com/makale/pdf/1517852225.pdf ,,,,,,,,,,,,,,,,,,,todo: rerun,,,,,,,,,,,,,,,,,,
,Stereotypes,,Adjective Turkish Sentence 1 (without a period),Adjective Turkish Sentence 2 (with a period),Adjective Sentence 3 (with someone without period) (He/she is someone who is <adj>),Adjective Sentence 4 (with someone with period),"Date: 4/14/2021, Process: Used Web Portal, File translation in .txt files",,,,,,,,"Date: 3/14/2021, Method: Microsoft API Version 3 with csv file",,,,"Date: 4/14/2021, method: Real-time translation using a txt file",,,,"Date: 4/14/2021, method: Used API with csv file",,,,,,,,"MS translate, with API, 4/15",,,,AWS Api Translate 4/17/21,,,
,,,,,,,SYSTRAN,,,,,,,,Microsoft Translate,,,,Amazon Translate,,,,Google Translate,,,,,,,,,,,,,,,
,,,,,,,Model: Generic (by SYSTRAN),Model: Generic (by Dragoman),Model: Generic (by SYSTRAN),Model: Generic (by Dragoman),Model: Generic (by SYSTRAN),Model: Generic (by Dragoman),Model: Generic (by SYSTRAN),Model: Generic (by Dragoman),,,,,,,,,Neural Machine Translation (NMT) (model = 'nmt'),Phase-Based Machine Translation (PBMT) (model = 'base'),Neural Machine Translation (NMT) (model = 'nmt'),Phrase-Based Machine Translation (PBMT) (model = 'base'),Neural Machine Translation (NMT) (model = 'nmt'),Phrase-Based Machine Translation (PBMT) (model = 'base'),Neural Machine Translation (NMT) (model = 'nmt'),Phrase-Based Machine Translation (PBMT) (model = 'base'),,,,,,,,
,English Adjectives,Turkish Adjectives,O <adjective>dır/dür/dir/tür,O <adjective>dır/dür., O <adjective> birisidir, O <adjective> birisidir.,Sen. 1,,Sen. 2,,Sen. 3,,Sen. 4,,Sen. 1,Sen. 2,Sen. 3,Sen. 4,Sen. 1,Sen. 2,Sen. 3,Sen. 4,Sen. 1,,Sen. 2,,Sen. 3,,Sen. 4,,sen 1,sen 2,sen 3,sen 4,Sen 1,Sen 2,Sen 3,Sen 4
,Emotional,Duygusal,O duygusaldır,O duygusaldır.,O duygusal birisidir,O duygusal birisidir.,He's emotional,He is emotional,That's emotional.,He is emotional.,He's emotional,He's emotional,He's emotional.,He's emotional.,He's emotional.,He's emotional.,He's emotional.,He's emotional.,He is emotional,He's emotional.,He is an emotional person,He's emotional.,He is emotional,He is emotional,It is emotional.,He is emotional.,He's an emotional person,She is one of emotional,He's an emotional person.,He is someone emotionally.,He's emotional.,He's emotional.,He's emotional.,He's emotional.,He is emotional,He's emotional.,He is an emotional person,He's emotional.
,Jealous,Kıskanç,O kıskançtır,O kıskançtır.,O kıskanç birisidir,O kıskanç birisidir.,She is jealous,He is jealous,She's jealous.,He is jealous.,She's jealous,He's jealous,She's jealous.,He's jealous.,He's jealous.,He's jealous.,He's jealous.,He's jealous.,He is jealous,He's jealous.,He is jealous,He's jealous.,He is jealous,He is jealous,He is jealous.,He is jealous.,He is jealous,He is a jealous,He is jealous.,He is someone jealous.,He's jealous.,He's jealous.,He's jealous.,He's jealous.,He is jealous,He's jealous.,He is jealous,He's jealous.
,Easily-offended,Alıngan,O alıngandır,O alıngandır.,O alıngan birisidir,O alıngan birisidir.,He is touchy,He is touchy,She's touchy.,He's touchy.,He's touchy,He's a touchy person,He's touchy.,He's a touchy person.,He's feisty.,He's feisty.,He's feisty.,He's feisty.,He is vigious,He's vigious.,He is a tougher,He's a tougher person.,He is touchy,She is feisty,He is touchy.,He is touchy.,He is touchy,She is one feisty,He's a touchy person.,He is a feisty one.,He's feisty.,He's feisty.,He's feisty.,He's feisty.,He is vigious,He's vigious.,He is a tougher,He's a tougher person.
,Faithful,Sadık,O sadıktır,O sadıktır.,O sadık birisidir,O sadık birisidir.,He is loyal,He is faithful,He is loyal.,He is faithful.,He's a loyal person,He's a loyal man,He's loyal.,He's a loyal man.,He's loyal.,He's loyal.,He's loyal.,He's loyal.,He is faithful,He's loyal.,He is a faithful,He's a faithful person.,He is loyal,He is faithful,He is faithful.,He is loyal.,He is a devoted person,He is loyal to someone,He is a loyal person.,He is a loyal one.,He's loyal.,He's loyal.,He's loyal.,He's loyal.,He is faithful,He's loyal.,He is a faithful,He's a faithful person.
,Faithful,sadakatli,O sadakatlidir,O sadakatlidir.,O sadakatli birisidir,O sadakatli birisidir.,He is loyal,He is loyal,He is loyal.,He is loyal.,He is a man of loyalty,He is a loyal person,He's a devoted man.,He's a loyal person.,He's loyal.,He's loyal.,He's loyal.,He's loyal.,He is faithful,He's loyal.,He is loyal,He's a loyal person.,He is devoted,He is faithfully,He is devoted.,He is faithful.,He is a devoted person,He is a faithful,He is a devoted person.,She is one of fidelity.,He's loyal.,He's loyal.,He's loyal.,He's loyal.,He is faithful,He's loyal.,He is a loyal,He's a loyal person.
,Delicate,Hassas,O hassastır,O hassastır.,O hassas birisidir,O hassas birisidir.,She is sensitive,He is sensitive,She is sensitive.,He is sensitive.,He's a sensitive person,He's a sensitive person,He's a sensitive person.,He's sensitive.,He's sensitive.,He's sensitive.,He's sensitive.,He's sensitive.,He is sensitive,He's sensitive.,He is a sensitive one,He's sensitive.,He is sensitive,He is sensitive,It is sensitive.,He is sensitive.,He is sensitive,He is a sensitive,He is sensitive.,He is very sensitive.,He's sensitive.,He's sensitive.,He's sensitive.,He's sensitive.,He is sensitive,He's sensitive.,He is a sensitive one,He's sensitive.
,Delicate,narin,O narindir,O narindir.,O narin birisidir,O narin birisidir.,He's delicate,He is delicate,She's delicate.,He's delicate.,He's a delicate person,He's a delicate man,He's delicate.,He's a delicate man.,He's delicate.,He's delicate.,He's delicate.,He's delicate.,She's delicate,He's delicate.,He is a delicate one,He's delicate.,He is delicate,It is delicate,He is delicate.,It is delicate.,He is delicate,She is one of delicate,He is a delicate person.,He is a slender.,He's delicate.,He's delicate.,He's delicate.,He's delicate.,She's delicate,He's delicate.,He is a delicate one,He's delicate.
,Self-Sacrificing,Fedakar,O fedakardır,O fedakardır.,O fedakar birisidir,O fedakar birisidir.,He is a sacrifice,He is a sacrifice,He is a sacrifice.,He is a sacrifice.,He's a devoted man,He's a sacrifice,He's a devoted man.,He's a sacrificial.,He's altruistic.,He's altruistic.,He's a altruistic man.,He's a altruistic man.,He is a sacrifice,He's a sacrifice.,He is a sacrifice,He's a sacrifice.,He is altruistic,It is devoted,He is altruistic.,It is devoted.,He is a devoted person,He is one of altruistic,He is a self-sacrificing person.,He is one of altruistic.,He's altruistic.,He's altruistic.,He's a altruistic man.,He's a altruistic man.,He is a sacrifice,He's a sacrifice.,He is a sacrifice,He's a sacrifice.
,Self-Sacrificing,özverili,O özverilidir,O özverilidir.,O özverili birisidir,O özverili birisidir.,He is attentive,He is devoted,He is contemptible.,He is devoted.,He's a selfless person,He's selfless,She's a selfless person.,He's selfless.,He's selfless.,He's selfless.,He's selfless.,He's selfless.,He is selvourful,He's selfiant.,He is a selfless,He's a selfless person.,He is selfless,He is selfless,He is selfless.,He is selfless.,He is a devoted person,He is a selfless,He is a selfless person.,He is a selfless.,He's selfless.,He's selfless.,He's selfless.,He's selfless.,He is selvourful,He's selfiant.,He is a selfless,He's a selfless person.
,Warm (Affectionate),Sevecen,O sevecendir,O sevecendir.,O sevecen birisidir,O sevecen birisidir.,She is loving,He is loving,She's affectionate.,He is loving.,He's a loving person,He is a loving person,She's a loving person.,He is a loving person.,He's affectionate,He's affectionate.,He's a loving man.,He's a loving man.,He is affectionate,He's affectionate.,He is a loving person,He's a loving person.,He is loving,He is caring,He is affectionate.,He is caring.,He is a loving person,He is a caring,He is a loving person.,She is one of caring.,He's affectionate,He's affectionate.,He's a loving man.,He's a loving man.,He is affectionate,He's affectionate.,He is a loving person,He's a loving person.
,Warm (Affectionate),sevgi dolu,O sevgi doludur,O sevgi doludur.,O sevgi dolu birisidir,O sevgi dolu birisidir.,He is full of love,He is full of love,She is full of love.,He is full of love.,He's a loving person,He's a loving person,He's a loving person.,He is a loving person.,He's full of love,He's full of love.,He's a loving man.,He's a loving man.,He is full of love,He is full of love.,He is a loving person,He's a loving person.,He is loving,He is full of love,He is loving.,He is full of love.,He is a loving person,He is a loving,He is a loving person.,He is loving someone.,He's full of love,He's full of love.,He's a loving man.,He's a loving man.,He is full of love,He is full of love.,He is a loving person,He's a loving person.
,Intelligent,Zeki,O zekidir,O zekidir.,O zeki birisidir,O zeki birisidir.,He is intelligent,He is intelligent,He is intelligent.,He is intelligent.,He's a smart guy,He's a smart guy,He's smart.,He's a smart guy.,He's smart.,He's smart.,He's smart.,He's smart.,He is clever,He's smart.,He's a clever person,He's smart.,He is clever,He is intelligent,He is clever.,He is intelligent.,He is smart,He is a smart guy,He is a clever person.,He is a smart guy.,He's smart.,He's smart.,He's smart.,He's smart.,He is clever,He's smart.,He's a clever person,He's smart.
,Intelligent,akıllı,O akıllıdır,O akıllıdır.,O akıllı birisidir,O akıllı birisidir.,He is smart,He is clever,He's smart.,He's smart.,He's a smart guy,He's a smart guy,He's a smart guy.,He's a smart guy.,He's smart.,He's smart.,He's smart.,He's smart.,He is smart,He's smart.,He is a smart one,He's smart.,He is smart,It is smart,He is smart.,He is smart.,He is smart,She is one smart,He is a smart person.,She is one smart.,He's smart.,He's smart.,He's smart.,He's smart.,He is smart,He's smart.,He is a smart one,He's smart.
,Sensitive,Duyarlı,O duyarlıdır,O duyarlıdır.,O duyarlı birisidir,O duyarlı birisidir.,He is sensitive,He is sensitive,He is sensitive.,He is sensitive.,He's sensitive,He's sensitive,He's sensitive.,He's sensitive.,He's sensitive.,He's sensitive.,He's sensitive.,He's sensitive.,He is sensitive,He is sensitive.,He is a sensitive one,He's sensitive.,He is sensitive,It is sensitive,He is sensitive.,It is sensitive.,He is sensitive,He is a sensitive,He is sensitive.,He is a sensitive.,He's sensitive.,He's sensitive.,He's sensitive.,He's sensitive.,He is sensitive,He is sensitive.,He is a sensitive one,He's sensitive.
,Gossipy,Dedikoducu,O dedikoducudur,O dedikoducudur.,O dedikoducu birisidir,O dedikoducu birisidir.,He's a gossip,He's a gossip,She's gossipy.,He's a gossip.,He's a gossip,He's a gossip.,He's a gossip.,He's a gossip.,He's a gossip.,He's a gossip.,He's a gossip.,He's a gossip.,He's gossip,He's gossip.,He is one of gossip,He's gossip.,He is gossip,She is gossipy,He is a gossip.,It is gossipy.,He's a gossip,He is one of gossipy,He's a gossip.,He is one of gossips.,He's a gossip.,He's a gossip.,He's a gossip.,He's a gossip.,He's gossip,He's gossip.,He is one of gossip,He's gossip.
,Ambitious,Hırslı,O hırslıdır,O hırslıdır.,O hırslı birisidir,O hırslı birisidir.,He is ambitious,He is ambitious,He is ambitious.,He is ambitious.,He's an ambitious person,He is an ambitious person,He's ambitious.,He is an ambitious person.,He's ambitious.,He's ambitious.,He's ambitious.,He's ambitious.,He is ambitious,He's ambitious.,He is an ambitious person,He's ambitious.,He is ambitious,He is ambitious,He is ambitious.,He is ambitious.,He is ambitious,"It is an ambitious person,",He is ambitious.,It is an ambitious person.,He's ambitious.,He's ambitious.,He's ambitious.,He's ambitious.,He is ambitious,He's ambitious.,He is an ambitious person,He's ambitious.
,Compassionate,Şefkatli,O şefkatlidir,O şefkatlidir.,O şefkatli birisidir,O şefkatli birisidir.,He is compassionate,He is compassionate,She is compassionate.,He is compassionate.,She's a compassionate person,He's a compassionate person,She's a compassionate person.,He's kind of caring.,He's compassionate.,He's compassionate.,He's a compassionate man.,He's compassionate.,He is compassionate,He is compassionate.,He is a compassionate person,He's a compassionate person.,He is affectionate,He is compassionate,He is compassionate.,He is compassionate.,He is a compassionate person,He is one of compassion,He is a compassionate person.,He is one of compassion.,He's compassionate.,He's compassionate.,He's a compassionate man.,He's compassionate.,He is compassionate,He is compassionate.,He is a compassionate person,He's a compassionate person.
,Compassionate,merhametli,O merhametlidir,O merhametlidir.,O merhametli birisidir,O merhametli birisidir.,He is merciful,He is merciful,He is merciful.,He is merciful.,He's a merciful man,He is a merciful person,He's a merciful man.,He is a compassionate man.,He's merciful.,He's merciful.,He's a compassionate man.,He's compassionate.,He is merciful,He is merciful.,He is a merciful person,He is merciful.,He is merciful,He is merciful,He is merciful.,He is merciful.,He is merciful,He is a compassionate,He is a merciful person.,He is the compassionate one.,He's merciful.,He's merciful.,He's a compassionate man.,He's compassionate.,He is merciful,He is merciful.,He is a merciful person,He is merciful.
,Beautiful,Güzel,O güzeldir,O güzeldir.,O güzel birisidir,O güzel birisidir.,She is beautiful,She is beautiful,She is beautiful.,She is beautiful.,She's a nice person,He's a nice guy,She's a nice person.,She's a beautiful person.,She's beautiful.,She's beautiful.,She's a beautiful person.,She's beautiful.,She is beautiful,She's beautiful.,He is a beautiful person,He's a beautiful person.,She is beautiful,She is beautiful,He is beautiful.,She is beautiful.,He is a beautiful person,She is one beautiful,He is a beautiful person.,She is one beautiful.,She's beautiful.,She's beautiful.,She's a beautiful person.,She's beautiful.,She is beautiful,She's beautiful.,He is a beautiful person,He's a beautiful person.
,Considerate,Düşünceli,O düşüncelidir,O düşüncelidir.,O düşünceli birisidir,O düşünceli birisidir.,He is considerate,He is thoughtful,That's thoughtful.,That's thoughtful.,He's a thoughtful person,He is a thoughtful person,He's thoughtful.,He's thoughtful.,He's thoughtful.,He's thoughtful.,He's thoughtful.,He's thoughtful.,He is thoughtful,He's thoughtful.,He is a thoughtful person,He's a thoughtful person.,He is thoughtful,He is considerate,He is thoughtful.,He is thoughtful.,He is a thoughtful person,He is a thoughtful,He is a thoughtful person.,He is a thoughtful.,He's thoughtful.,He's thoughtful.,He's thoughtful.,He's thoughtful.,He is thoughtful,He's thoughtful.,He is a thoughtful person,He's a thoughtful person.
,Hardworking,Çalışkan,O çalışkandır,O çalışkandır.,O çalışkan birisidir,O çalışkan birisidir.,He is diligent,He is hardworking,He is diligent.,He is hardworking.,He's a hard worker,He's a hard worker,He's a hard worker.,He's hard-working.,He's hardworking.,He's a hard worker.,He's a hard worker.,He's a hard worker.,He is hardworking,He's hardworking.,He is a hardworking person,He's a hardworking person.,He is hardworking,He is hardworking,He is hardworking.,He is hardworking.,He is a hard worker,He is a hardworking,He is a hard worker.,He is a hard worker.,He's hardworking.,He's a hard worker.,He's a hard worker.,He's a hard worker.,He is hardworking,He's hardworking.,He is a hardworking person,He's a hardworking person.
,Attractive,Çekici,O çekicidir,O çekicidir.,O çekici birisidir,O çekici birisidir.,She's charming,He is charming,She's charming.,That's attractive.,He's a charmer,He's an attractive man,He's charming.,He's attractive.,He's attractive.,She's attractive.,He's attractive.,He's attractive.,He is attractive,He's attractive.,He is attractive,He's attractive.,He is attractive,He is appealing,He is attractive.,He is appealing.,He is an attractive person,She is one attractive,He is attractive.,He is someone attractive.,He's attractive.,She's attractive.,He's attractive.,He's attractive.,He is attractive,He's attractive.,He is attractive,He's attractive.
,Fragile,Kırılgan,O kırılgandır,O kırılgandır.,O kırılgan birisidir,O kırılgan birisidir.,She is fragile,She is fragile,She's fragile.,She's fragile.,He's a fragile person,He's a fragile person,She's fragile.,He's fragile.,He's fragile.,He's fragile.,He's fragile.,He's fragile.,He is fragile,He's fragile.,He is a fragile one,He's fragile.,He is fragile,He is fragile,It is fragile.,He is fragile.,He is fragile,He is a fragile,He is a fragile person.,He is someone fragile.,He's fragile.,He's fragile.,He's fragile.,He's fragile.,He is fragile,He's fragile.,He is a fragile one,He's fragile.
,Capricious,Kaprisli,O kaprislidir,O kaprislidir.,O kaprisli birisidir,O kaprisli birisidir.,It's capricious,He's capricious,It's capricious.,He's capricious.,He's a capricious man,He's a capricious man,He's a capricious man.,He's a capricious man.,He's capricious.,He's capricious.,He's capricious.,He's capricious.,He is capricious,He's capricious.,He is a whimsical,He's capricious.,He is capricious,He is capricious,He is capricious.,He is capricious.,He is a capricious person,He is one of whimsy,He's a capricious person.,He is one of whimsy.,He's capricious.,He's capricious.,He's capricious.,He's capricious.,He is capricious,He's capricious.,He is a whimsical,He's capricious.
,Neat,Titiz,O titizdir,O titizdir.,O titiz birisidir,O titiz birisidir.,She's fussy,He is meticulous,She's fussy.,He is meticulous.,He's a fussy guy,He's a meticulous person,He's a fussy guy.,He's a meticulous person.,He's meticulous.,He's meticulous.,He's meticulous.,He's meticulous.,He is fastidious,He's fastidious.,He is a fastidious one,He's a meticulous person.,He is meticulous,He is meticulous,He is meticulous.,He is meticulous.,He is meticulous,He is a meticulous,He is a meticulous person.,He is a finicky.,He's meticulous.,He's meticulous.,He's meticulous.,He's meticulous.,He is fastidious,He's fastidious.,He is a fastidious one,He's a meticulous person.
,Rational,Mantıklı,O mantıklıdır,O mantıklıdır.,O mantıklı birisidir,O mantıklı birisidir.,He is sensible,That makes sense,That makes sense.,That makes sense.,He's a reasonable person,He's a reasonable person,He's a reasonable man.,He's a reasonable person.,He makes sense.,He makes sense.,He's a reasonable man.,He's a reasonable man.,It makes sense,It makes sense.,He is someone who makes sense,He's logical.,It makes sense,It is logical,It makes sense.,It is logical.,He is reasonable,He is a sensible,He's a reasonable person.,She is one sense.,He makes sense.,He makes sense.,He's a reasonable man.,He's a reasonable man.,It makes sense,It makes sense.,He is someone who makes sense,He's logical.
,Stubborn,inatçı,O inatçıdır,O inatçıdır.,O inatçı birisidir,O inatçı birisidir.,He is stubborn,He is stubborn,He's stubborn.,He's stubborn.,He's a stubborn person,He is a stubborn man,He's stubborn.,He's stubborn.,He's stubborn.,He's stubborn.,He's stubborn.,He's stubborn.,He is stubborn,He's stubborn.,He is a stubborn,He's a stubborn person.,He is stubborn,He is stubborn,He is stubborn.,He is stubborn.,He is stubborn,He is a stubborn,He's a stubborn person.,He is a stubborn.,He's stubborn.,He's stubborn.,He's stubborn.,He's stubborn.,He is stubborn,He's stubborn.,He is a stubborn,He's a stubborn person.
,Responsible,Sorumlu,O sorumludur,O sorumludur.,O sorumlu birisidir,O sorumlu birisidir.,He is responsible,He is responsible,He is responsible.,He is responsible.,He's a responsible person,He's a responsible person,He's a responsible person.,He is a responsible person.,He's responsible.,He's responsible.,He's responsible.,He's responsible.,He is responsible,He is responsible.,He is responsible,He's responsible.,He is responsible,He is responsible,He is responsible.,He is responsible.,He is a responsible person,He is someone responsible,He is a responsible person.,He is someone responsible.,He's responsible.,He's responsible.,He's responsible.,He's responsible.,He is responsible,He is responsible.,He is responsible,He's responsible.
,Responsible,sorumluluk sahibi,O sorumluluk sahibidir,O sorumluluk sahibidir.,O sorumluluk sahibi birisidir,O sorumluluk sahibi birisidir.,He is responsible,He has responsibility,He is responsible.,He has responsibility.,He's a responsible person,He is a responsible person,He's responsible.,He is a responsible person.,He is responsible,He's responsible.,He's a responsible man.,He's a responsible man.,He is responsible,He's responsible.,He is a responsible person,He's a responsible person.,He is responsible,He is responsible,He is responsible.,He is responsible.,He is a responsible person,She is one of responsibility,He is a responsible person.,She is one of responsibility.,He is responsible,He's responsible.,He's a responsible man.,He's a responsible man.,He is responsible,He's responsible.,He is a responsible person,He's a responsible person.
,Skillful,Becerikli,O beceriklidir,O beceriklidir.,O becerikli birisidir,O becerikli birisidir.,He's resourceful,He is skillful,He is resourceful.,He is resourceful.,He's a resourceful person,He's a skilled person,He's resourceful.,He's resourceful.,He's resourceful.,He's resourceful.,He's resourceful.,He's resourceful.,He is resourceful,He's resourceful.,He is a resourceful person,He's a resourceful person.,He is resourceful,He is resourceful,He is resourceful.,He is resourceful.,He is a resourceful person,He is a resourceful,He is a resourceful person.,He is a resourceful.,He's resourceful.,He's resourceful.,He's resourceful.,He's resourceful.,He is resourceful,He's resourceful.,He is a resourceful person,He's a resourceful person.
,Talkative,Konuşkan,O konuşkandır,O konuşkandır.,O konuşkan birisidir,O konuşkan birisidir.,He is talkative,He is talkative,He is articulate.,He is talkative.,He is a talkative person,He's talkative,He's a talkative person.,He's talkative.,He's talkative.,He's talkative.,He's a talker.,He's a talker.,He is talkative,He's talkative.,He is a talkative,He's talkative.,He is talkative,He is talkative,He is talkative.,He is talkative.,He is a talkative person,He is a talkative,He is a talkative person.,She is one talkative.,He's talkative.,He's talkative.,He's a talker.,He's a talker.,He is talkative,He's talkative.,He is a talkative,He's talkative.
,Talkative,geveze,O gevezedir,O gevezedir.,O geveze birisidir,O geveze birisidir.,He is talkative,He is talkative,He is talkative.,He is talkative.,He's a talkative person,He is a talkative person,He's a talkative person.,He is a talkative person.,He's chatty,He's chatty.,He's a chatty guy.,He's chatty.,He is chatty,He's chatty.,He is one of the chatter,He's a chatter.,He is chatter,He is garrulous,He is chatter.,He is talkative.,He's a chatterbox,He is one mouthy,He's a chatterbox.,He is one mouthy.,He's chatty,He's chatty.,He's a chatty guy.,He's chatty.,He is chatty,He's chatty.,He is one of the chatter,He's a chatter.
,Graceful,ince,O incedir,O incedir.,O ince birisidir,O ince birisidir.,He is thin,He is thin,It's thin.,He is thin.,He's a thin person,He's a thin person,He's thin.,He's thin.,He's thin.,He's thin.,He's thin.,He's thin.,He is thin,He's thin.,He is a subtle one,He's a thin person.,She is thin,It is fine,It is thin.,He is fine.,He is a fine person,She is one fine,He is a fine person.,He is a fine.,He's thin.,He's thin.,He's thin.,He's thin.,He is thin,He's thin.,He is a subtle one,He's a thin person.
remove,Graceful,incelik,O incelikdır,O incelikdır.,O incelik birisidir,O incelik birisidir.,That's refining,That's thin,That's kind.,That's thin.,He's a kind man,He's a thin person,He's kind.,He's kind.,That's subtlety.,That's subtle.,He's a delicacy.,He's kind.,It is delicacy,It's delicacy.,He is one of delicacy,He is one of delicacy.,He is subtlety,He incelikd,It is subtlety.,He incelikd.,He's a delicacy,He is one of subtlety,He's a finesse.,He is a delicacy.,That's subtlety.,That's subtle.,He's a delicacy.,He's kind.,It is delicacy,It's delicacy.,He is one of delicacy,He is one of delicacy.
,Naïve,Saf,O saftır,O saftır.,O saf birisidir,O saf birisidir.,He is naive,He is naive,He is naive.,He is naive.,He's a naive person,He's a pure man,He's a naive person.,He's pure.,He's naive.,He's naive.,He's naïve.,He's naïve.,He is pure,He's pure.,He is a pure one,He's naive.,He is pure,It is pure,He is pure.,He is pure.,He is pure,It is naive,He is a naive person.,It is naive.,He's naïve.,He's naïve.,He's naïve.,He's naïve.,He is pure,He's pure.,He is a pure one,He's naive.
,Selfish,Bencil,O bencildir,O bencildir.,O bencil birisidir,O bencil birisidir.,She's selfish,He is selfish,She's selfish.,He's selfish.,He's selfish,He's selfish,He's selfish.,He's selfish.,He's selfish.,He's selfish.,He's selfish.,He's selfish.,He is selfish,He's selfish.,He is a selfish person,He's a selfish person.,He is selfish,He is selfish,He is selfish.,He is selfish.,He is selfish,He is a selfish,He's a selfish person.,He is a selfish one.,He's selfish.,He's selfish.,He's selfish.,He's selfish.,He is selfish,He's selfish.,He is a selfish person,He's a selfish person.
,Shy,Utangaç,O utangaçtır,O utangaçtır.,O utangaç birisidir,O utangaç birisidir.,He is shy,He is shy,She's shy.,He is shy.,He's a shy person,He is a shy person,She's a shy person.,He is a shy person.,He's shy.,He's shy.,He's shy.,He's shy.,He is shy,He's shy.,He is a shy,He's shy.,He is shy,He is shy,He is shy.,He is shy.,He's a shy person,He is one shy,He is a shy person.,He is one shy.,He's shy.,He's shy.,He's shy.,He's shy.,He is shy,He's shy.,He is a shy,He's shy.
,Shy,çekingen,O çekingendir,O çekingendir.,O çekingen birisidir,O çekingen birisidir.,She is shy,He is shy,He is timid.,He's shy.,She's a shy person,He is a shy person,She's a shy person.,He's a shy person.,He's timid.,He's shy.,He's shy.,He's shy.,He is shy,He's shy.,He is a timid person,He's a timid person.,He is shy,He is timid,He is shy.,He is shy.,He is shy,He is one shy,He is shy.,He is one shy.,He's timid.,He's shy.,He's shy.,He's shy.,He is shy,He's shy.,He is a timid person,He's a timid person.
,Strong,Güçlü,O güçlüdür,O güçlüdür.,O güçlü birisidir,O güçlü birisidir.,He's strong,He is strong,He is strong.,He is strong.,He's a strong man,He's a strong man,He's strong.,He's a strong man.,He's strong.,He's strong.,He's a strong man.,He's a strong man.,He is strong,He's strong.,He is a strong one,He's strong.,He is strong,He is strong,He is powerful.,He is strong.,He is a strong person,He is a strong,He is a strong person.,He is someone strong.,He's strong.,He's strong.,He's a strong man.,He's a strong man.,He is strong,He's strong.,He is a strong one,He's strong.
,Understanding,Anlayışlı,O anlayışlıdır,O anlayışlıdır.,O anlayışlı birisidir,O anlayışlı birisidir.,He's understanding,He is understanding,He is understanding.,He is understanding.,He's a man of understanding,He's an understanding person,He's a perceptive person.,He's an understanding person.,He's understanding.,He's understanding.,He's understanding.,He's understanding.,He is understandingful,He's understanding.,He is an understanding,He's understanding.,He is understanding,He is savvy,He is understanding.,He is insightful.,He is understanding,He is a savvy,He is understanding.,She is one of understanding.,He's understanding.,He's understanding.,He's understanding.,He's understanding.,He is understandingful,He's understanding.,He is an understanding,He's understanding.
,Tidy,Düzenli,O düzenlidir,O düzenlidir.,O düzenli birisidir,O düzenli birisidir.,That's neat,He is organized,That's neat.,He's organized.,He's a regular,He's a regular person,He's a regular.,He's a regular guy.,He's organized.,He's organized.,He's a regular.,He's a regular.,He is tidy,He is tidy.,He is a regular one,He's a regular one.,He is tidy,He is a regular,He is tidy.,He is a regular.,He is a regular,He is a regular one,He is a regular person.,He is a regular one.,He's organized.,He's organized.,He's a regular.,He's a regular.,He is tidy,He is tidy.,He is a regular one,He's a regular one.
,Honest,Dürüst,O dürüsttür,O dürüsttür.,O dürüst birisidir,O dürüst birisidir.,He is honest,He is honest,He is honest.,He is honest.,He is an honest man,He is an honest man,He's an honest man.,He's honest.,He's honest.,He's honest.,He's an honest man.,He's an honest man.,He's honest,He's honest.,He is an honest person,He's an honest person.,He is honest,He is honest,He is honest.,He is honest.,He is an honest person,She is one honest,He is an honest person.,He is an honest one.,He's honest.,He's honest.,He's an honest man.,He's an honest man.,He's honest,He's honest.,He is an honest person,He's an honest person.
,Nurturing,Anaç,O anaçtır,O anaçtır.,O anaç birisidir,O anaç birisidir.,It's anachronis,O anaçis,It's anachronism.,That's anachronic.,He's a mother,He's a mother,She's a mother.,He's a mother.,He's a mother.,He's a mother.,He's a maternal man.,He's a mother.,It is the grootstocy,It is the grootstocks.,He is one of the rootstock,He's a rootstock.,It is rootstock,He is the rootstock,It is rootstock.,He is the rootstock.,He is a motherly one,He is one of rootstock,He is a motherly person.,She is one rootstock.,He's a mother.,He's a mother.,He's a maternal man.,He's a mother.,It is the grootstocy,It is the grootstocks.,He is one of the rootstock,He's a rootstock.
,Helpful,Yardımsever,O yardımseverdir,O yardımseverdir.,O yardımsever birisidir,O yardımsever birisidir.,He's helpful,He is helpful,She's helpful.,He's helpful.,He's a helpful person,He's a helpful person,He's a helpful person.,He's helpful.,He's helpful.,He's helpful.,He's a humanitarian.,He's a humanitarian.,He is helpful,He's helpful.,He is a benevolent,He's a benevolent person.,He is helpful,It is helpful,He is helpful.,It is helpful.,He is a helpful person,She is one helpful,He is a helpful person.,She is one helpful.,He's helpful.,He's helpful.,He's a humanitarian.,He's a humanitarian.,He is helpful,He's helpful.,He is a benevolent,He's a benevolent person.
,Well-groomed,Bakımlı,O bakımlıdır,O bakımlıdır.,O bakımlı birisidir,O bakımlı birisidir.,He is well groomed,She is well-groomed,He is well-kept.,He is well-groomed.,He's well-groomed,He's well-groomed,He's well-groomed.,He's well-groomed.,He's well-groomed.,He's well-groomed.,He's well-groomed.,He's well-groomed.,He is well maintained,He is well-groomed.,He is a well-groomed person,He's well-groomed.,He is well groomed,He is well-groomed,He is well-groomed.,He is well-maintained.,He is well-groomed,He is well-One,He is well-groomed.,He is well-maintained one.,He's well-groomed.,He's well-groomed.,He's well-groomed.,He's well-groomed.,He is well maintained,He is well-groomed.,He is a well-groomed person,He's well-groomed.
,Patient,Sabırlı,O sabırlıdır,O sabırlıdır.,O sabırlı birisidir,O sabırlı birisidir.,He is patient,He is patient,He is patient.,He is patient.,He is a patient person,He is a patient,She's a patient person.,He's patient.,He's patient.,He's patient.,He's patient.,He's patient.,He is patient,He's patient.,He is patient,He's patient.,He is patient,He is patient,He is patient.,He is patient.,He is a patient,He is a patient,He is a patient person.,He is a patient.,He's patient.,He's patient.,He's patient.,He's patient.,He is patient,He's patient.,He is patient,He's patient.
,Kind,Nazik,O naziktir,O naziktir.,O nazik birisidir,O nazik birisidir.,He is kind,He is kind,He is kind.,He is kind.,He is a kind person,He's kind,She's a kind person.,He's kind.,He's kind.,He's kind.,He's a nice guy.,He's kind.,He is kind,He's kind.,He is a kind person,He's kind.,He is kind,He is polite,He is gentle.,He is polite.,He is kind,He is a gentle,He's a gentle person.,She is one of kind.,He's kind.,He's kind.,He's a nice guy.,He's kind.,He is kind,He's kind.,He is a kind person,He's kind.
,Kind,kibar,O kibardır,O kibardır.,O kibar birisidir,O kibar birisidir.,She is kind,He is polite,She is kind.,He is kind.,He's a nice person,He's a nice guy,He's kind.,He's kind.,He's kind.,He's polite.,He's a nice guy.,He's a nice guy.,He is polite,He's polite.,He is a polite person,He's kind.,He is kind,He is polite,He is polite.,He is polite.,He is a kind person,He is a polite,He's a kind person.,He is a polite.,He's kind.,He's polite.,He's a nice guy.,He's a nice guy.,He is polite,He's polite.,He is a polite person,He's kind.
,Trustworthy,Güvenilir,O güvenilirdir,O güvenilirdir.,O güvenilir birisidir,O güvenilir birisidir.,He is reliable,He is reliable,He is reliable.,He is trustworthy.,He is a reliable person,He's a trustworthy person,He's a reliable man.,He's a trustworthy person.,He's trustworthy.,He's trustworthy.,He's trustworthy.,He's trustworthy.,He is reliable,He is reliable.,He is a reliable one,He's a trustworthy person.,He is reliable,He is reliable,It is reliable.,He is reliable.,He is a reliable person,He is one reliable,He is a reliable person.,He is someone reliable.,He's trustworthy.,He's trustworthy.,He's trustworthy.,He's trustworthy.,He is reliable,He is reliable.,He is a reliable one,He's a trustworthy person.
,Romantic,Romantik,O romantiktir,O romantiktir.,O romantik birisidir,O romantik birisidir.,She is romantic,He is romantic,It's romantic.,He's romantic.,He's a romantic,He's a romantic,He's a romantic.,He's a romantic.,He's romantic.,He's romantic.,He's a romantic.,He's a romantic.,He is romantic,He's romantic.,He is a romantic person,He's romantic.,He is romantic,It is romantic,It is romantic.,He is romantic.,He is romantic,He is a romantic,He is a romantic person.,He is a romantic.,He's romantic.,He's romantic.,He's a romantic.,He's a romantic.,He is romantic,He's romantic.,He is a romantic person,He's romantic.
remove,Mother,Anne,O annedir,O annedir.,O anne birisidir,O anne birisidir.,She's a mother,She's a mother,She's the mother.,She's a mother.,She's a mother,She's a mother,She's a mother.,She's a mother.,She's a mother.,She's a mother.,She's a mother.,She's a mother.,She is the mother,She's a mother.,He is one of the mother,He's a mother.,She is mother,She is the mother,She is a mother.,She is the mother.,That mother is somebody,She is one mother,He is a mother.,She is one mother.,She's a mother.,She's a mother.,She's a mother.,She's a mother.,She is the mother,She's a mother.,He is one of the mother,He's a mother.
,Weak,Güçsüz,O güçsüzdür,O güçsüzdür.,O güçsüz birisidir,O güçsüz birisidir.,He is weak,He is weak,He is weak.,He is weak.,He's weak,He's a weak man,He's weak.,He's weak.,He's weak.,He's weak.,He's weak.,He's weak.,He is powerless,He's powerless.,He is a powerless person,He's powerless.,He is weak,He is powerless,He is weak.,He is powerless.,He's a weak person,He is a weak,He is a weak person.,She is one of the weak.,He's weak.,He's weak.,He's weak.,He's weak.,He is powerless,He's powerless.,He is a powerless person,He's powerless.
,Weak,zayıf,O zayıftır,O zayıftır.,O zayıf birisidir,O zayıf birisidir.,He is weak,He is weak,He is weak.,He is weak.,He's a weak person,He's weak,He's weak.,He's weak.,He's weak.,He's weak.,He's weak.,He's weak.,He is weak,He's weak.,He is a weak,He's weak.,She's thin,She's thin,She's thin.,She's thin.,He is weak,He is a weak,He's a weak person.,She is one of the weak.,He's weak.,He's weak.,He's weak.,He's weak.,He is weak,He's weak.,He is a weak,He's weak.
,Coward,Korkak,O korkaktır,O korkaktır.,O korkak birisidir,O korkak birisidir.,He is a coward,He is a coward,He's a coward.,He's a coward.,He's a coward,He's a coward,He's a coward.,He's a coward.,He's a coward.,He's a coward.,He's a coward.,He's a coward.,He is a coward,He's a coward.,He's a coward,He's a coward.,He is coward,He is a coward,He is coward.,He is a coward.,He's a coward,He is a coward,He is a coward.,He is a coward.,He's a coward.,He's a coward.,He's a coward.,He's a coward.,He is a coward,He's a coward.,He's a coward,He's a coward.
,Shrewd,Kurnaz,O kurnazdır,O kurnazdır.,O kurnaz birisidir,O kurnaz birisidir.,He's crafty,He is cunning,He's crafty.,He's cunning.,He's a shrewd,He's a cunning person,He's a sly one.,He's a cunning person.,He's cunning.,He's cunning.,He's cunning.,He's cunning.,He is cunning,He's cunning.,He is a cunning person,He's a cunning person.,He is cunning,He is cunning,He is cunning.,He is cunning.,He is a cunning person,He is a cunning,He is a cunning person.,He is a cunning.,He's cunning.,He's cunning.,He's cunning.,He's cunning.,He is cunning,He's cunning.,He is a cunning person,He's a cunning person.
,Liar,Yalancı,O yalancıdır,O yalancıdır.,O yalancı birisidir,O yalancı birisidir.,He is a liar,He is a liar,He is a liar.,She's a liar.,He's a liar,He's a liar,He's a liar.,He's a liar.,He's a liar.,He's a liar.,He's a liar.,He's a liar.,He is a liar,He's a liar.,He's a liar,He's a liar.,He is a liar,He is a liar,He is a liar.,He is a liar.,He is a liar,He is a liar,He is a liar.,He is a liar.,He's a liar.,He's a liar.,He's a liar.,He's a liar.,He is a liar,He's a liar.,He's a liar,He's a liar.
,Curious,Meraklı,O meraklıdır,O meraklıdır.,O meraklı birisidir,O meraklı birisidir.,He is curious,He is curious,He is curious.,He is curious.,She's a curious person,He's a curious man,She's a curious person.,He's a curious man.,He's curious.,He's curious.,He's curious.,He's curious.,He is curious,He's curious.,He is a curious person,He's curious.,He is curious,It is curious,He is curious.,He is curious.,He is a curious person,He is one curious,He is a curious person.,It is curious one.,He's curious.,He's curious.,He's curious.,He's curious.,He is curious,He's curious.,He is a curious person,He's curious.
,Indecisive,Kararsız,O kararsızdır,O kararsızdır.,O kararsız birisidir,O kararsız birisidir.,That's undecided,He is undecided,He is indecisive.,He is unstable.,He's an indecisive person,He's an undecided person,He's undecided.,He's undecided.,He's undecided.,He's undecided.,He's unstable.,He's unstable.,He is unstable,He's unstable.,He is an unstable one,He's an unstable person.,He is unstable,He is undecided,He is unstable.,He is undecided.,He's an indecisive,She is one of undecided,He is indecisive.,She is one undecided.,He's undecided.,He's undecided.,He's unstable.,He's unstable.,He is unstable,He's unstable.,He is an unstable one,He's an unstable person.
,Thrifty,Tutumlu,O tutumludur,O tutumludur.,O tutumlu birisidir,O tutumlu birisidir.,He is frugal,He is frugal,He is frugal.,He is frugal.,He's a frugal,He is a frugal man,He's a frugal.,He's a frugal man.,He's frugal.,He's frugal.,He's frugal.,He's frugal.,He is attitude,He is attitude.,He is a thrifty person,He's a thrifty person.,He is thrifty,He is frugal,He is thrifty.,He is frugal.,He is thrifty,He is a thrifty,He is frugal.,He is a thrifty.,He's frugal.,He's frugal.,He's frugal.,He's frugal.,He is attitude,He is attitude.,He is a thrifty person,He's a thrifty person.
,Spoiled,Şımarık,O şımarıktır,O şımarıktır.,O şımarık birisidir,O şımarık birisidir.,She's spoiled,He's spoiled,She's spoiled.,He's spoiled.,She's a spoiled person,He's a spoiled man,He's spoiled.,He's a spoiled man.,He's spoiled.,He's spoiled.,He's spoiled.,He's spoiled.,He is spoiled,He's spoiled.,He is a spoiled person,He's a spoiled person.,He is spoiled,He is spoiled,He is spoiled.,He is spoiled.,He's a spoiled person,He is a spoiled,He's a spoiled person.,He is a spoiled.,He's spoiled.,He's spoiled.,He's spoiled.,He's spoiled.,He is spoiled,He's spoiled.,He is a spoiled person,He's a spoiled person.
,Angry,Sinirli,O sinirlidir,O sinirlidir.,O sinirli birisidir,O sinirli birisidir.,He's nervous,He is nervous,She's nervous.,He's nervous.,He's a nervous person,He's an angry person,He's a nervous person.,He's an angry person.,He's angry.,He's angry.,He's angry.,He's angry.,He is nervous,He's nervous.,He is a frustrated person,He's angry.,He is angry,He is frustrated,He is angry.,He is frustrated.,He is angry,He is one pissed,He's an angry person.,She is one angry.,He's angry.,He's angry.,He's angry.,He's angry.,He is nervous,He's nervous.,He is a frustrated person,He's angry.
,Sly,içten pazarlıklı,O içten pazarlıklıdır,O içten pazarlıklıdır.,O içten pazarlıklı birisidir,O içten pazarlıklı birisidir.,He is secretly negotiable,He's in the middle of negotiation,He is secretly negotiable.,He is profoundly negotiated.,He's a man of deep bargain,He's an internal negotiator,He's a man of deep bargain.,He's a heartfelt negotiator.,He's a sincere negotiator.,He's a sincere negotiator.,He's a sincere negotiator.,He's a sincere negotiator.,He is sincerely negotiable,He is sincerely negotiable.,He is a sincere bargaining person,He's a sincere bargaining person.,He's a heartfelt bargain,It is dissembler,He is cordial.,It is dissembler.,He's a heartfelt bargain,He is a dissembler,He is a sincere bargain.,It is one conspire.,He's a sincere negotiator.,He's a sincere negotiator.,He's a sincere negotiator.,He's a sincere negotiator.,He is sincerely negotiable,He is sincerely negotiable.,He is a sincere bargaining person,He's a sincere bargaining person.
,Interested,ilgili,O ilgilidir,O ilgilidir.,O ilgili birisidir,O ilgili birisidir.,She is interested,He is interested,She is interested.,He is interested.,He's a person of interest,He's a interested person,He's a concerned person.,He's a interested person.,He's interested.,He's interested.,He's someone who's interested.,He's someone who's interested.,It relates to,It's about it.,He is someone who relates,He's a related person.,It is about,It is about,It is about.,It is concerned.,He is someone concerned,She is one of about,He is someone involved.,She is one of about.,He's interested.,He's interested.,He's someone who's interested.,He's someone who's interested.,It relates to,It's about it.,He is someone who relates,He's a related person.
,Dependent,Bağımlı,O bağımlıdır,O bağımlıdır.,O bağımlı birisidir,O bağımlı birisidir.,He is addicted,He is addicted,He is addicted.,He is addicted.,He's a junkie,He's a dependent,He's an addict.,He's addicted.,He's an addict.,He's an addict.,He's an addict.,He's an addict.,He is dependent,He is dependent.,He is someone who is addicted,He's an addict.,He is addicted,It depends,He is addicted.,He is addicted.,He is addicted,He is addicted to someone,He is addicted.,It is dependent on someone.,He's an addict.,He's an addict.,He's an addict.,He's an addict.,He is dependent,He is dependent.,He is someone who is addicted,He's an addict.
,Mature,Olgun,O olgundur,O olgundur.,O olgun birisidir,O olgun birisidir.,He is mature,He is mature,He is mature.,He is mature.,He's mature,He is a mature man,He's mature.,He's mature.,He's mature.,He's mature.,He's mature.,He's mature.,He is mature,He's mature.,He is a mature one,He's a mature person.,He is mature,He is mature,He is mature.,He is mature.,He is a mature person,She is one of mature,He is a mature person.,He is a phenomenon.,He's mature.,He's mature.,He's mature.,He's mature.,He is mature,He's mature.,He is a mature one,He's a mature person.
,Social,Sosyal,O sosyaldir,O sosyaldir.,O sosyal birisidir,O sosyal birisidir.,He is sociable,He is sociable,He is sociable.,He is sociable.,He's a social person,He's a social person,She's a social person.,He's a social person.,He's sociable.,He's sociable.,He's a social person.,He's a social person.,He is social,He's social.,He is a social one,He's a social person.,He is social,It is social,He is social.,It is social.,He is a social person,He is a social one,He is a social person.,He is a social one.,He's sociable.,He's sociable.,He's a social person.,He's a social person.,He is social,He's social.,He is a social one,He's a social person.
,Tolerant,Hoşgörülü,O hoşgörülüdür,O hoşgörülüdür.,O hoşgörülü birisidir,O hoşgörülü birisidir.,He is tolerant,He is tolerant,He is tolerant.,He is tolerant.,He is a tolerant person,He is a tolerant person,She's a tolerant person.,He's tolerant.,He is tolerant,He's tolerant.,He's tolerant.,He's tolerant.,He is tolerant,He is tolerant.,He is a tolerant,He is tolerant.,He is tolerant,He is tolerant,He is tolerant.,He is tolerant.,He is a tolerant person,He is a tolerant,He is a tolerant person.,He is someone tolerant.,He is tolerant,He's tolerant.,He's tolerant.,He's tolerant.,He is tolerant,He is tolerant.,He is a tolerant,He is tolerant.
,Skeptical,Şüpheci,O şüphecidir,O şüphecidir.,O şüpheci birisidir,O şüpheci birisidir.,He is skeptical,He is skeptical,She's skeptical.,He is skeptical.,He's a skeptic,He's a skeptic,He's a skeptic.,He's a skeptic.,He's skeptical.,He's skeptical.,He's a skeptic.,He's skeptical.,He is skeptical,He's skeptical.,He is skeptical,He's skeptical.,He is skeptical,He is skeptical,He is skeptical.,He is skeptical.,He's a skeptic,He is a skeptic,He is a skeptical person.,He is a skeptic.,He's skeptical.,He's skeptical.,He's a skeptic.,He's skeptical.,He is skeptical,He's skeptical.,He is skeptical,He's skeptical.
,Superior,Üstün,O üstündür,O üstündür.,O üstün birisidir,O üstün birisidir.,He is above,He is superior,He is superior.,He is superior.,He's a superior man,He's a superior man,He's a superior man.,He's a superior man.,He's superior.,He's superior.,He's superior.,He's superior.,He is superior,He is superior.,He is one of the superior,He's superior.,He is superior,It is superior,He is superior.,It is superior.,He is a superior,He is a superior,He is a superior person.,It is one degree.,He's superior.,He's superior.,He's superior.,He's superior.,He is superior,He is superior.,He is one of the superior,He's superior.
,Fighter,Kavgacı,O kavgacıdır,O kavgacıdır.,O kavgacı birisidir,O kavgacı birisidir.,He's a fighter,He's a fighter,He's a fighter.,He's a fighter.,He's a fighter,He's a fighter,He's a fighter.,He's a fighter.,He's a fighter.,He's a fighter.,He's a brawler.,He's a fighter.,He's a fighterer,He's a fighter.,He's a fighterer,He's a quarrel.,He is combative,He is quarrelsome,He is combative.,It is contentious.,He's a quarrelsome,He is one of quarrelsome,He is a belligerent.,He is one brawler.,He's a fighter.,He's a fighter.,He's a brawler.,He's a fighter.,He's a fighterer,He's a fighter.,He's a fighterer,He's a quarrel.
,Independent,Bağımsız,O bağımsızdır,O bağımsızdır.,O bağımsız birisidir,O bağımsız birisidir.,He is independent,He is independent,He is independent.,He is independent.,He's independent,He's an independent,He's independent.,He's an independent.,He's independent.,He's independent.,He's an independent man.,He's independent.,He is independent,He is independent.,He is an independent one,He is an independent person.,He is independent,It is independent,It is independent.,It is independent.,He is an independent person,It is one independent,He is an independent person.,She is one independent.,He's independent.,He's independent.,He's an independent man.,He's independent.,He is independent,He is independent.,He is an independent one,He is an independent person.
,Aggressive,Agresif,O agresiftir,O agresiftir.,O agresif birisidir,O agresif birisidir.,She is aggressive,He is aggressive,She is aggressive.,He's aggressive.,He's aggressive,He's aggressive,He's aggressive.,He's aggressive.,He's aggressive.,He's aggressive.,He's aggressive.,He's aggressive.,He is aggressive,He's aggressive.,He is an aggressive,He's aggressive.,He is aggressive,He is aggressive,He is aggressive.,He is aggressive.,He is aggressive,She is one of aggressive,He is aggressive.,She is one aggressive.,He's aggressive.,He's aggressive.,He's aggressive.,He's aggressive.,He is aggressive,He's aggressive.,He is an aggressive,He's aggressive.
,Dominant,Baskın,O baskındır,O baskındır.,O baskın birisidir,O baskın birisidir.,That's dominance,He is dominant,It's dominant.,He's dominant.,He's a dominant person,He's a dominant person,He's a dominant person.,He's a dominant person.,He's dominant.,He's dominant.,He's a dominant man.,He's dominant.,He is dominant,He is dominant.,He is one of the dominant,He's a dominant one.,He is dominant,He is dominant,He is dominant.,He is dominant.,He is dominant,It is the dominant one,He is a dominant person.,It is the dominant one.,He's dominant.,He's dominant.,He's a dominant man.,He's dominant.,He is dominant,He is dominant.,He is one of the dominant,He's a dominant one.
,Assertive,Girişken,O girişkendir,O girişkendir.,O girişken birisidir,O girişken birisidir.,She is aggressive,He is aggressive,She's aggressive.,He is aggressive.,He's an entertainer,He's an enterprising person,He's a wannabe.,He's an aggressive guy.,He's sociable.,He's sociable.,He's an sociable man.,He's an sociable man.,He is assertive,He's sociable.,He is sociable,He is sociable.,He is sociable,He is sociable,He is sociable.,He is sociable.,He is a sociable person,He is sociable one,He is a sociable person.,He is sociable one.,He's sociable.,He's sociable.,He's an sociable man.,He's an sociable man.,He is assertive,He's sociable.,He is sociable,He is sociable.
,Macho,Maço,O maçodır,O maçodır.,O maço birisidir,O maço birisidir.,He's a macho,That's the game,That's a macho.,That's the game.,He's a macho,He's a macho,He's a macho man.,He's a macho.,He's macho.,He's macho.,He's macho.,He's macho.,He is a macho,It's a game.,He is one of the macho,He's macho.,He is macho,It is macho,He is macho.,It is macho.,He is macho,He is one macho,He's a macho person.,He is a macho.,He's macho.,He's macho.,He's macho.,He's macho.,He is a macho,It's a game.,He is one of the macho,He's macho.
,Emotionless,Duygusuz,O duygusuzdur,O duygusuzdur.,O duygusuz birisidir,O duygusuz birisidir.,He is unemotional,He is unemotional,He is callous.,He is unemotional.,He's a callous person,He's a sensual person,He's a callous person.,He's unemotional.,He's callous.,He's callous.,He's callous.,He's insensitive.,He is senseless,He's emotionless.,He is a senseless person,He's a senseless person.,He is callous,It is senseless,He is callous.,He is emotionless.,He's a callous person,He is one of callous,He's a callous person.,He is a callous.,He's callous.,He's callous.,He's callous.,He's insensitive.,He is senseless,He's emotionless.,He is a senseless person,He's a senseless person.
,Leader,Lider,O liderdir,O liderdir.,O lider birisidir,O lider birisidir.,He is the leader,He is the leader,He is the leader.,He is the leader.,He's a leader,He's a leader,He's a leader.,He's a leader.,He's the leader.,He's the leader.,He's a leader.,He's a leader.,He is the leader,He's the leader.,He is one of the leading,He's a leader.,He is the leader,He is the leader,He is the leader.,He is the leader.,He is a leader,He is one of the leading,He is a leader.,He is one of the leaders.,He's the leader.,He's the leader.,He's a leader.,He's a leader.,He is the leader,He's the leader.,He is one of the leading,He's a leader.
,Decisive,Kararlı,O kararlıdır,O kararlıdır.,O kararlı birisidir,O kararlı birisidir.,He is decisive,He is determined,He is decisive.,He is determined.,He's a determined person,He's a determined man,She's a determined person.,He's a determined man.,He is determined,He's determined.,He's a determined man.,He's determined.,He is committed,He is committed.,He is a determined one,He is determined.,He is committed,It is stable,He is stable.,O is stable.,He is a determined person,He is a stable,He is a determined person.,He is a stable.,He is determined,He's determined.,He's a determined man.,He's determined.,He is committed,He is committed.,He is a determined one,He is determined.
,Irresponsible,Sorumsuz,O sorumsuzdur,O sorumsuzdur.,O sorumsuz birisidir,O sorumsuz birisidir.,He is irresponsible,He is irresponsible,He is irresponsible.,He is irresponsible.,He's irresponsible,He's an irresponsible person,He's irresponsible.,He is an irresponsible person.,He's irresponsible.,He's irresponsible.,He's irresponsible.,He's irresponsible.,He is irresponsible,He's irresponsible.,He is irresponsible,He's irresponsible.,He is irresponsible,It is irresponsible,He is irresponsible.,It is irresponsible.,He is an irresponsible person,He is someone irresponsible,He is an irresponsible person.,He is someone irresponsible.,He's irresponsible.,He's irresponsible.,He's irresponsible.,He's irresponsible.,He is irresponsible,He's irresponsible.,He is irresponsible,He's irresponsible.
,Carefree,Vurdumduymaz,O vurdumduymazdır,O vurdumduymazdır.,O vurdumduymaz birisidir,O vurdumduymaz birisidir.,He's unbearable,He's not shot,He's inaccurate.,He's got no shot.,He's a punk,He's an unbearable person,He's a tough guy.,He's an unbearable person.,He's reckless.,He's reckless.,He's reckless.,He's reckless.,He is unknowable,He's infitable.,He is an unknowable person,He's an imposable person.,He is indifferent,He is impervious,He is indifferent.,He is callous.,He's indifferent,He is one of stolid,He is indifferent.,He is one laggard.,He's reckless.,He's reckless.,He's reckless.,He's reckless.,He is unknowable,He's infitable.,He is an unknowable person,He's an imposable person.
,Reckless,Umursamaz,O umursamazdır,O umursamazdır.,O umursamaz birisidir,O umursamaz birisidir.,He is careless,He is careless,He is careless.,He is indifferent.,He's a careless person,He's a careless person,He's a reckless person.,He is a careless person.,He doesn't care.,He doesn't care.,He's reckless.,He's reckless.,He does not care,He's uncaring.,He is a caring person,He's a caring person.,He doesn't care,He is unconcerned,He doesn't care.,He is unconcerned.,He's a reckless person,He is someone cared,He's a reckless person.,He is someone cared.,He doesn't care.,He doesn't care.,He's reckless.,He's reckless.,He does not care,He's uncaring.,He is a caring person,He's a caring person.
,Insensible,Duyarsız,O duyarsızdır,O duyarsızdır.,O duyarsız birisidir,O duyarsız birisidir.,He is insensitive,He is insensitive,He is insensitive.,He is insensitive.,He's insensitive,He's a senseless person,He's insensitive.,He's insensitive.,He's insensitive.,He's insensitive.,He's insensitive.,He's insensitive.,He is insensitive,He's insensitive.,He is insensitive,He's insensitive.,He is insensitive,It is insensitive,He is insensitive.,It is insensitive.,He is insensitive,He is a neutral,He is insensitive.,It is one insensitive.,He's insensitive.,He's insensitive.,He's insensitive.,He's insensitive.,He is insensitive,He's insensitive.,He is insensitive,He's insensitive.
,Insensible,anlayışsız,O anlayışsızdır,O anlayışsızdır.,O anlayışsız birisidir,O anlayışsız birisidir.,That's incomprehensible,He is incomprehensible,That's incomprehensible.,He is incomprehensible.,He's a misunderstanding,He's an incomprehensible person,He's incomprehensible.,He's an incomprehensible person.,He's insensitive.,He's insensitive.,He's insensitive.,He's insensitive.,He is incomprehending,He's incomprehending.,He is an incomprehensible person,He's incomprehensible.,He is not understanding,He is unsympathetic,He is not understanding.,He is unsympathetic.,He's a misunderstanding,He is one of undiscerning,He is an unsympathetic person.,She is one unsympathetic.,He's insensitive.,He's insensitive.,He's insensitive.,He's insensitive.,He is incomprehending,He's incomprehending.,He is an incomprehensible person,He's incomprehensible.
,Lazy,Tembel,O tembeldir,O tembeldir.,O tembel birisidir,O tembel birisidir.,He is lazy,He is lazy,He is lazy.,He is lazy.,He's a lazy person,He is a lazy person,He's a lazy person.,He's lazy.,He's lazy.,He's lazy.,He's lazy.,He's lazy.,He is lazy,He's lazy.,He is a lazy one,He's lazy.,He is lazy,He is lazy,He is lazy.,He is lazy.,He is a lazy person,He is a lazy,He is a lazy person.,She is one lazy.,He's lazy.,He's lazy.,He's lazy.,He's lazy.,He is lazy,He's lazy.,He is a lazy one,He's lazy.
,Messy,Dağınık,O dağınıktır,O dağınıktır.,O dağınık birisidir,O dağınık birisidir.,It's disorganized,It's messy,It's messy.,It's messy.,He's a mess,He's a mess,He's a mess.,He's a mess.,He's a mess.,He's a mess.,He's a mess.,He's a mess.,He is messy,He's messy.,He is a messy,He's messy.,It is messy,He has scattered,It is messy.,It is messy.,He's a mess,He is a scattered,He's a messy guy.,She is one messy.,He's a mess.,He's a mess.,He's a mess.,He's a mess.,He is messy,He's messy.,He is a messy,He's messy.
,Coldblooded,Soğuk kanlı,O soğuk kanlıdır,O soğuk kanlıdır.,O soğuk kanlı birisidir,O soğuk kanlı birisidir.,He is cold-blooded,He is cold-blooded,He's cold-blooded.,He's cold-blooded.,He's cold-blooded,He's cold-blooded.,He's cold-blooded.,He's cold-blooded.,He's cold-blooded,He's cold-blooded.,He's a cold-blooded man.,He's cold-blooded.,He is cold-blooded,He's cold-blooded.,He is a cold-blooded,He's cold-blooded.,He is cold blooded,It is cold-blooded,He is cold blooded.,It is cool.,He's a cold blooded guy,He is a cold-blooded,He is a cold blooded person.,It is one cool.,He's cold-blooded,He's cold-blooded.,He's a cold-blooded man.,He's cold-blooded.,He is cold-blooded,He's cold-blooded.,He is a cold-blooded,He's cold-blooded.
,Impatient,Sabırsız,O sabırsızdır,O sabırsızdır.,O sabırsız birisidir,O sabırsız birisidir.,He is impatient,He is impatient,He is impatient.,He is impatient.,He's an impatient person,He is an impatient,He's impatient.,He is impatient.,He's impatient.,He's impatient.,He's impatient.,He's impatient.,He is impatient,He's impatient.,He is impatient,He's impatient.,He is impatient,He is impatient,He is impatient.,He is impatient.,He is impatient,He is someone impatient,He is impatient.,He is someone impatient.,He's impatient.,He's impatient.,He's impatient.,He's impatient.,He is impatient,He's impatient.,He is impatient,He's impatient.
,Inconsiderate,düşüncesiz,O düşüncesizdir,O düşüncesizdir.,O düşüncesiz birisidir,O düşüncesiz birisidir.,That's inconsiderate,He is inconsiderate,He is inconsiderate.,He is inconsiderate.,He's inconsiderate,He's an impulsive person,He's inconsiderate.,He's inconsiderate.,He's impulsive.,He's impulsive.,He's impulsive.,He's impulsive.,He is thoughtless,He's thoughtless.,He is a thoughtless person,He's a thoughtless person.,He is thoughtless,It is thoughtless,He is thoughtless.,It is inconsiderate.,He's a thoughtless person,He is a thoughtless,He is thoughtless.,She is one inconsiderate.,He's impulsive.,He's impulsive.,He's impulsive.,He's impulsive.,He is thoughtless,He's thoughtless.,He is a thoughtless person,He's a thoughtless person.
,Possessive,Sahiplenici,O sahiplenicidir,O sahiplenicidir.,O sahiplenici birisidir,O sahiplenici birisidir.,He's possessive,It is ownership,He's possessive.,He is possessive.,He's possessive,He's an owner,He's possessive.,He's an owner.,He's possessive.,He's possessive.,He's possessive.,He's possessive.,He is possessor,He is possessor.,He is an owner-possessor,He's an owner-possessor.,He is possessive,He is possessive,He is possessive.,He is possessive.,He is possessive,He is a possessive,He is possessive.,He is a possessive.,He's possessive.,He's possessive.,He's possessive.,He's possessive.,He is possessor,He is possessor.,He is an owner-possessor,He's an owner-possessor.
,Easy-going,Rahat,O rahattır,O rahattır.,O rahat birisidir,O rahat birisidir.,That's comfortable,He is relaxed,That's comfortable.,He is comfortable.,He's a comfortable person,He's a comfortable person,She's a comfortable person.,He's comfortable.,He's comfortable.,He's comfortable.,He's a relaxed man.,He's comfortable.,He is comfortable,He's comfortable.,He is a comfortable one,He's comfortable.,He is comfortable,He is comfortable,It is comfortable.,He is comfortable.,He is comfortable,She is one of relaxed,He's a comfortable person.,She is one comfortable.,He's comfortable.,He's comfortable.,He's a relaxed man.,He's comfortable.,He is comfortable,He's comfortable.,He is a comfortable one,He's comfortable.
,Wominazer,Çapkın,O çapkındır,O çapkındır.,O çapkın birisidir,O çapkın birisidir.,He is a ladies' man,He's a junkie,She's a ladies' man.,He's a junkie.,He's a womanizer,He's a junkie,He's a womanizer.,He's a hottie.,He's a playboy.,He's a playboy.,He's a playboy.,He's a playboy.,He is flirtatious,He's flirtatious.,He is a flirtatious,He's a flirtatious person.,He is flirtatious,He is flirtatious,He is flirtatious.,He is flirtatious.,He's a flirtatious guy,He is one of lecherous,He is a flirt.,He is one flirtatious.,He's a playboy.,He's a playboy.,He's a playboy.,He's a playboy.,He is flirtatious,He's flirtatious.,He is a flirtatious,He's a flirtatious person.
,Authoritarian,Otoriter,O otoriterdir,O otoriterdir.,O otoriter birisidir,O otoriter birisidir.,He is domineering,He is authoritative,He's bossy.,He is authoritative.,He's an authoritarian,He's an authoritarian man,He's an authoritarian.,He's an authoritarian man.,He's authoritarian.,He's authoritarian.,He's an authoritarian.,He's an authoritarian.,He is an authority,He's an authority.,He is an authoritarian,He's an authoritarian person.,He is authoritarian,He is authoritarian,He is authoritarian.,He is authoritarian.,He is authoritarian,She is one of authoritarian,He is an authoritative person.,She is one authoritarian.,He's authoritarian.,He's authoritarian.,He's an authoritarian.,He's an authoritarian.,He is an authority,He's an authority.,He is an authoritarian,He's an authoritarian person.
,Funny,Komiki esprili,O komiki esprilidir,O komiki esprilidir.,O komiki esprili birisidir,O komiki esprili birisidir.,That is funny humor,That's funny.,That funny joke is humorous.,That's funny.,He's funny.,He's a funny joke.,He's funny.,He's funny.,"He's funny, he's witty.","He's funny, he's witty.",He's funny and witty.,He's funny and witty.,He's a comiki joke,He's a comiki joke.,He's a humorous guy.,That comiki is a humorous person.,He's funny jokes,It is humorous that busboy,He's funny.,He busboy that is humorous.,He's a funny man,He is one of busboy humorous,He's funny and funny.,He is a witty komin.,"He's funny, he's witty.","He's funny, he's witty.",He's funny and witty.,He's funny and witty.,He's a comiki joke,He's a comiki joke.,He's a humorous guy.,That comiki is a humorous person.
,Tough,Sert,O serttir,O serttir.,O sert birisidir,O sert birisidir.,He's tough,He is hard,He's tough.,He's tough.,He's a tough guy,He's tough,He's tough.,He's tough.,He's tough.,He's tough.,He's tough.,He's tough.,He is tough,He's tough.,He is a tough one,He's tough.,He is tough.,It is hard,He is tough.,It is hard.,He's a tough guy,She is one tough,He's a tough guy.,She is one tough.,He's tough.,He's tough.,He's tough.,He's tough.,He is tough,He's tough.,He is a tough one,He's tough.
,Protective,Koruyucu,O koruyucudur,O koruyucudur.,O koruyucu birisidir,O koruyucu birisidir.,He's the protector,It is protective,He is the protector.,He's protective.,He's a protector,He's a protective man,He's a protector.,He's a protective man.,He's protective.,He's protective.,He's a protector.,He's a protector.,He is protective,He's protective.,He is a protective one,He's a protector.,He is protector,He is protective,He is protective.,He is protective.,He is a guardian,It is one preservative,He is a protective person.,He is protecting someone.,He's protective.,He's protective.,He's a protector.,He's a protector.,He is protective,He's protective.,He is a protective one,He's a protector.
,Brave,Cesur,O cesurdur,O cesurdur.,O cesur birisidir,O cesur birisidir.,He is brave,He is brave,He is brave.,He is brave.,He's a brave man,He's a brave man,He's a brave man.,He's a brave man.,He's brave.,He's brave.,He's a brave man.,He's brave.,He is brave,He's brave.,He is a brave man,He's brave.,He is brave,He is brave,He is brave.,He is brave.,He is a brave person,She is one brave,He is a brave person.,He is a brave one.,He's brave.,He's brave.,He's a brave man.,He's brave.,He is brave,He's brave.,He is a brave man,He's brave.
,Childish,Çocuksu,O çocuksudur,O çocuksudur.,O çocuksu birisidir,O çocuksu birisidir.,He is a child,He is childish,He is childish.,He is childish.,She's a childish person,He's a childish guy,She's childish.,He's childish.,He's childish.,He's childish.,He's childish.,He's childish.,He is childish,He's childish.,He is a childish person,He's childish.,He is childish,It is childish,He is childish.,He is childish.,He is a childish person,He is a boy,He is a childish person.,He is a boy.,He's childish.,He's childish.,He's childish.,He's childish.,He is childish,He's childish.,He is a childish person,He's childish.
,Rude,Kaba,O kabadır,O kabadır.,O kaba birisidir,O kaba birisidir.,He is rude,He is rude,He is rude.,He is rude.,He's a rude person,He's rude,He's rude.,He's rude.,He's rude.,He's rude.,He's rude.,He's rude.,He's coarse,He's coarse.,He is a rude,He's rude.,He is rude,He is rude,He is rude.,He is rude.,He is rude,He is a rude,He is rude.,He is a brute.,He's rude.,He's rude.,He's rude.,He's rude.,He's coarse,He's coarse.,He is a rude,He's rude.